"Naxxramas N25",Trash,"Boots of the Escaped Captive",epic,40409,https://wowhead.com/wotlk/item=40409
"Naxxramas N25",Trash,"Haunting Call",epic,40408,https://wowhead.com/wotlk/item=40408
"Naxxramas N25",Trash,"Inevitable Defeat",epic,40406,https://wowhead.com/wotlk/item=40406
"Naxxramas N25",Trash,"Ousted Bead Necklace",epic,40412,https://wowhead.com/wotlk/item=40412
"Naxxramas N25",Trash,"Shadow of the Ghoul",epic,40410,https://wowhead.com/wotlk/item=40410
"Naxxramas N25",Trash,"Shoulderguards of the Undaunted",epic,40414,https://wowhead.com/wotlk/item=40414
"Naxxramas N25",Trash,"Silent Crusader",epic,40407,https://wowhead.com/wotlk/item=40407
"Naxxramas N25",Anub'Rekhan,"Arachnoid Gold Band",epic,39702,https://wowhead.com/wotlk/item=39702
"Naxxramas N25",Anub'Rekhan,"Chains of Adoration",epic,40071,https://wowhead.com/wotlk/item=40071
"Naxxramas N25",Anub'Rekhan,"Corpse Scarab Handguards",epic,39718,https://wowhead.com/wotlk/item=39718
"Naxxramas N25",Anub'Rekhan,Dawnwalkers,epic,39701,https://wowhead.com/wotlk/item=39701
"Naxxramas N25",Anub'Rekhan,"Fool's Trial",epic,40065,https://wowhead.com/wotlk/item=40065
"Naxxramas N25",Anub'Rekhan,"Gemmed Wand of the Nerubians",epic,39712,https://wowhead.com/wotlk/item=39712
"Naxxramas N25",Anub'Rekhan,Heritage,epic,40069,https://wowhead.com/wotlk/item=40069
"Naxxramas N25",Anub'Rekhan,"Inexorable Sabatons",epic,39717,https://wowhead.com/wotlk/item=39717
"Naxxramas N25",Anub'Rekhan,"Leggings of Atrophy",epic,39720,https://wowhead.com/wotlk/item=39720
"Naxxramas N25",Anub'Rekhan,"Lost Jewel",epic,40080,https://wowhead.com/wotlk/item=40080
"Naxxramas N25",Anub'Rekhan,"Mantle of the Locusts",epic,39719,https://wowhead.com/wotlk/item=39719
"Naxxramas N25",Anub'Rekhan,"Pauldrons of Unnatural Death",epic,39704,https://wowhead.com/wotlk/item=39704
"Naxxramas N25",Anub'Rekhan,"Rescinding Grips",epic,39703,https://wowhead.com/wotlk/item=39703
"Naxxramas N25",Anub'Rekhan,Ruthlessness,epic,40075,https://wowhead.com/wotlk/item=40075
"Naxxramas N25",Anub'Rekhan,"Sabatons of Sudden Reprisal",epic,39706,https://wowhead.com/wotlk/item=39706
"Naxxramas N25",Anub'Rekhan,"Sand-Worn Band",epic,40107,https://wowhead.com/wotlk/item=40107
"Naxxramas N25",Anub'Rekhan,"Sash of the Parlor",epic,39721,https://wowhead.com/wotlk/item=39721
"Naxxramas N25",Anub'Rekhan,"Seized Beauty",epic,40108,https://wowhead.com/wotlk/item=40108
"Naxxramas N25",Anub'Rekhan,"Shield of Assimilation",epic,39716,https://wowhead.com/wotlk/item=39716
"Naxxramas N25",Anub'Rekhan,"Strong-Handed Ring",epic,40074,https://wowhead.com/wotlk/item=40074
"Naxxramas N25",Anub'Rekhan,"Swarm Bindings",epic,39722,https://wowhead.com/wotlk/item=39722
"Naxxramas N25",Anub'Rekhan,"Thunderstorm Amulet",epic,40064,https://wowhead.com/wotlk/item=40064
"Naxxramas N25",Anub'Rekhan,"Webbed Death",epic,39714,https://wowhead.com/wotlk/item=39714
"Naxxramas N25",Faerlina,"Atonement Greaves",epic,39734,https://wowhead.com/wotlk/item=39734
"Naxxramas N25",Faerlina,"Belt of False Dignity",epic,39735,https://wowhead.com/wotlk/item=39735
"Naxxramas N25",Faerlina,"Bracers of the Tyrant",epic,39729,https://wowhead.com/wotlk/item=39729
"Naxxramas N25",Faerlina,"Callous-Hearted Gauntlets",epic,39726,https://wowhead.com/wotlk/item=39726
"Naxxramas N25",Faerlina,"Chains of Adoration",epic,40071,https://wowhead.com/wotlk/item=40071
"Naxxramas N25",Faerlina,"Cult's Chestguard",epic,39724,https://wowhead.com/wotlk/item=39724
"Naxxramas N25",Faerlina,"Dislocating Handguards",epic,39727,https://wowhead.com/wotlk/item=39727
"Naxxramas N25",Faerlina,"Epaulets of the Grieving Servant",epic,39725,https://wowhead.com/wotlk/item=39725
"Naxxramas N25",Faerlina,"Faerlina's Madness",epic,39732,https://wowhead.com/wotlk/item=39732
"Naxxramas N25",Faerlina,"Fire-Scorched Greathelm",epic,39723,https://wowhead.com/wotlk/item=39723
"Naxxramas N25",Faerlina,"Fool's Trial",epic,40065,https://wowhead.com/wotlk/item=40065
"Naxxramas N25",Faerlina,"Gloves of Token Respect",epic,39733,https://wowhead.com/wotlk/item=39733
"Naxxramas N25",Faerlina,Heritage,epic,40069,https://wowhead.com/wotlk/item=40069
"Naxxramas N25",Faerlina,"Idol of Worship",epic,39757,https://wowhead.com/wotlk/item=39757
"Naxxramas N25",Faerlina,"Lost Jewel",epic,40080,https://wowhead.com/wotlk/item=40080
"Naxxramas N25",Faerlina,"Punctilious Bindings",epic,39731,https://wowhead.com/wotlk/item=39731
"Naxxramas N25",Faerlina,Ruthlessness,epic,40075,https://wowhead.com/wotlk/item=40075
"Naxxramas N25",Faerlina,"Sand-Worn Band",epic,40107,https://wowhead.com/wotlk/item=40107
"Naxxramas N25",Faerlina,"Seized Beauty",epic,40108,https://wowhead.com/wotlk/item=40108
"Naxxramas N25",Faerlina,"Strong-Handed Ring",epic,40074,https://wowhead.com/wotlk/item=40074
"Naxxramas N25",Faerlina,"Thunderstorm Amulet",epic,40064,https://wowhead.com/wotlk/item=40064
"Naxxramas N25",Faerlina,"Totem of Misery",epic,39728,https://wowhead.com/wotlk/item=39728
"Naxxramas N25",Faerlina,"Tunic of Prejudice",epic,39756,https://wowhead.com/wotlk/item=39756
"Naxxramas N25",Faerlina,"Widow's Fury",epic,39730,https://wowhead.com/wotlk/item=39730
"Naxxramas N25",Maexxna,"Ablative Chitin Girdle",epic,39759,https://wowhead.com/wotlk/item=39759
"Naxxramas N25",Maexxna,"Aged Winter Cloak",epic,40250,https://wowhead.com/wotlk/item=40250
"Naxxramas N25",Maexxna,"Bindings of the Hapless Prey",epic,39764,https://wowhead.com/wotlk/item=39764
"Naxxramas N25",Maexxna,"Cloak of Averted Crisis",epic,40254,https://wowhead.com/wotlk/item=40254
"Naxxramas N25",Maexxna,"Cloak of the Shadowed Sun",epic,40252,https://wowhead.com/wotlk/item=40252
"Naxxramas N25",Maexxna,"Cowl of the Perished",epic,39768,https://wowhead.com/wotlk/item=39768
"Naxxramas N25",Maexxna,"Defender's Code",epic,40257,https://wowhead.com/wotlk/item=40257
"Naxxramas N25",Maexxna,"Digested Silken Robes",epic,40062,https://wowhead.com/wotlk/item=40062
"Naxxramas N25",Maexxna,"Distorted Limbs",epic,40060,https://wowhead.com/wotlk/item=40060
"Naxxramas N25",Maexxna,"Dying Curse",epic,40255,https://wowhead.com/wotlk/item=40255
"Naxxramas N25",Maexxna,"Forethought Talisman",epic,40258,https://wowhead.com/wotlk/item=40258
"Naxxramas N25",Maexxna,"Grim Toll",epic,40256,https://wowhead.com/wotlk/item=40256
"Naxxramas N25",Maexxna,"Helm of Diminished Pride",epic,39760,https://wowhead.com/wotlk/item=39760
"Naxxramas N25",Maexxna,"Infectious Skitterer Leggings",epic,39761,https://wowhead.com/wotlk/item=39761
"Naxxramas N25",Maexxna,"Mantle of Shattered Kinship",epic,40063,https://wowhead.com/wotlk/item=40063
"Naxxramas N25",Maexxna,"Matriarch's Spawn",epic,39766,https://wowhead.com/wotlk/item=39766
"Naxxramas N25",Maexxna,"Quivering Tunic",epic,40061,https://wowhead.com/wotlk/item=40061
"Naxxramas N25",Maexxna,"Shawl of the Old Maid",epic,40253,https://wowhead.com/wotlk/item=40253
"Naxxramas N25",Maexxna,"Shroud of Luminosity",epic,40251,https://wowhead.com/wotlk/item=40251
"Naxxramas N25",Maexxna,"Sinner's Bindings",epic,39765,https://wowhead.com/wotlk/item=39765
"Naxxramas N25",Maexxna,"The Jawbone",epic,39758,https://wowhead.com/wotlk/item=39758
"Naxxramas N25",Maexxna,"Torn Web Wrapping",epic,39762,https://wowhead.com/wotlk/item=39762
"Naxxramas N25",Maexxna,"Undiminished Battleplate",epic,39767,https://wowhead.com/wotlk/item=39767
"Naxxramas N25",Maexxna,"Wraith Strike",epic,39763,https://wowhead.com/wotlk/item=39763
"Naxxramas N25",Noth,"Accursed Spine",epic,40192,https://wowhead.com/wotlk/item=40192
"Naxxramas N25",Noth,"Angry Dread",epic,40189,https://wowhead.com/wotlk/item=40189
"Naxxramas N25",Noth,"Bands of Impurity",epic,40198,https://wowhead.com/wotlk/item=40198
"Naxxramas N25",Noth,"Belt of Potent Chanting",epic,40200,https://wowhead.com/wotlk/item=40200
"Naxxramas N25",Noth,"Chains of Adoration",epic,40071,https://wowhead.com/wotlk/item=40071
"Naxxramas N25",Noth,"Crippled Treads",epic,40184,https://wowhead.com/wotlk/item=40184
"Naxxramas N25",Noth,"Fool's Trial",epic,40065,https://wowhead.com/wotlk/item=40065
"Naxxramas N25",Noth,"Gauntlets of the Disobedient",epic,40188,https://wowhead.com/wotlk/item=40188
"Naxxramas N25",Noth,"Gloves of the Fallen Wizard",epic,40197,https://wowhead.com/wotlk/item=40197
"Naxxramas N25",Noth,Heritage,epic,40069,https://wowhead.com/wotlk/item=40069
"Naxxramas N25",Noth,"Legguards of the Undisturbed",epic,40196,https://wowhead.com/wotlk/item=40196
"Naxxramas N25",Noth,"Libram of Radiance",epic,40191,https://wowhead.com/wotlk/item=40191
"Naxxramas N25",Noth,"Lost Jewel",epic,40080,https://wowhead.com/wotlk/item=40080
"Naxxramas N25",Noth,"Poignant Sabatons",epic,40187,https://wowhead.com/wotlk/item=40187
"Naxxramas N25",Noth,"Robes of Mutation",epic,40602,https://wowhead.com/wotlk/item=40602
"Naxxramas N25",Noth,Ruthlessness,epic,40075,https://wowhead.com/wotlk/item=40075
"Naxxramas N25",Noth,"Sand-Worn Band",epic,40107,https://wowhead.com/wotlk/item=40107
"Naxxramas N25",Noth,"Seized Beauty",epic,40108,https://wowhead.com/wotlk/item=40108
"Naxxramas N25",Noth,"Shoulderguards of Opportunity",epic,40185,https://wowhead.com/wotlk/item=40185
"Naxxramas N25",Noth,"Spinning Fate",epic,40190,https://wowhead.com/wotlk/item=40190
"Naxxramas N25",Noth,"Strong-Handed Ring",epic,40074,https://wowhead.com/wotlk/item=40074
"Naxxramas N25",Noth,"Thrusting Bands",epic,40186,https://wowhead.com/wotlk/item=40186
"Naxxramas N25",Noth,"Thunderstorm Amulet",epic,40064,https://wowhead.com/wotlk/item=40064
"Naxxramas N25",Noth,"Tunic of Masked Suffering",epic,40193,https://wowhead.com/wotlk/item=40193
"Naxxramas N25",Heigan,"Aged Winter Cloak",epic,40250,https://wowhead.com/wotlk/item=40250
"Naxxramas N25",Heigan,"Bindings of the Decrepit",epic,40209,https://wowhead.com/wotlk/item=40209
"Naxxramas N25",Heigan,"Breastplate of Tormented Rage",epic,40203,https://wowhead.com/wotlk/item=40203
"Naxxramas N25",Heigan,"Chestguard of Bitter Charms",epic,40210,https://wowhead.com/wotlk/item=40210
"Naxxramas N25",Heigan,"Cloak of Averted Crisis",epic,40254,https://wowhead.com/wotlk/item=40254
"Naxxramas N25",Heigan,"Cloak of the Shadowed Sun",epic,40252,https://wowhead.com/wotlk/item=40252
"Naxxramas N25",Heigan,"Cryptfiend's Bite",epic,40208,https://wowhead.com/wotlk/item=40208
"Naxxramas N25",Heigan,"Defender's Code",epic,40257,https://wowhead.com/wotlk/item=40257
"Naxxramas N25",Heigan,"Dying Curse",epic,40255,https://wowhead.com/wotlk/item=40255
"Naxxramas N25",Heigan,"Eruption-Scarred Boots",epic,40237,https://wowhead.com/wotlk/item=40237
"Naxxramas N25",Heigan,"Forethought Talisman",epic,40258,https://wowhead.com/wotlk/item=40258
"Naxxramas N25",Heigan,"Gloves of the Dancing Bear",epic,40238,https://wowhead.com/wotlk/item=40238
"Naxxramas N25",Heigan,"Grim Toll",epic,40256,https://wowhead.com/wotlk/item=40256
"Naxxramas N25",Heigan,"Heigan's Putrid Vestments",epic,40234,https://wowhead.com/wotlk/item=40234
"Naxxramas N25",Heigan,"Helm of Pilgrimage",epic,40235,https://wowhead.com/wotlk/item=40235
"Naxxramas N25",Heigan,"Iron-Spring Jumpers",epic,40206,https://wowhead.com/wotlk/item=40206
"Naxxramas N25",Heigan,"Leggings of Colossal Strides",epic,40201,https://wowhead.com/wotlk/item=40201
"Naxxramas N25",Heigan,"Legguards of the Apostle",epic,40204,https://wowhead.com/wotlk/item=40204
"Naxxramas N25",Heigan,"Serene Echoes",epic,40236,https://wowhead.com/wotlk/item=40236
"Naxxramas N25",Heigan,"Shawl of the Old Maid",epic,40253,https://wowhead.com/wotlk/item=40253
"Naxxramas N25",Heigan,"Shroud of Luminosity",epic,40251,https://wowhead.com/wotlk/item=40251
"Naxxramas N25",Heigan,"Sigil of Awareness",epic,40207,https://wowhead.com/wotlk/item=40207
"Naxxramas N25",Heigan,"Stalk-Skin Belt",epic,40205,https://wowhead.com/wotlk/item=40205
"Naxxramas N25",Heigan,"The Undeath Carrier",epic,40233,https://wowhead.com/wotlk/item=40233
"Naxxramas N25",Loatheb,"Boots of Impetuous Ideals",epic,40246,https://wowhead.com/wotlk/item=40246
"Naxxramas N25",Loatheb,"Cowl of Innocent Delight",epic,40247,https://wowhead.com/wotlk/item=40247
"Naxxramas N25",Loatheb,"Fading Glow",epic,40245,https://wowhead.com/wotlk/item=40245
"Naxxramas N25",Loatheb,"Footwraps of Vile Deceit",epic,40243,https://wowhead.com/wotlk/item=40243
"Naxxramas N25",Loatheb,"Girdle of Unity",epic,40241,https://wowhead.com/wotlk/item=40241
"Naxxramas N25",Loatheb,"Greaves of Turbulence",epic,40240,https://wowhead.com/wotlk/item=40240
"Naxxramas N25",Loatheb,"Grotesque Handgrips",epic,40242,https://wowhead.com/wotlk/item=40242
"Naxxramas N25",Loatheb,"Mantle of the Lost Conqueror",epic,40637,https://wowhead.com/wotlk/item=40637
"Naxxramas N25",Loatheb,"Mantle of the Lost Protector",epic,40638,https://wowhead.com/wotlk/item=40638
"Naxxramas N25",Loatheb,"Mantle of the Lost Vanquisher",epic,40639,https://wowhead.com/wotlk/item=40639
"Naxxramas N25",Loatheb,"The Hand of Nerub",epic,40239,https://wowhead.com/wotlk/item=40239
"Naxxramas N25",Loatheb,"The Impossible Dream",epic,40244,https://wowhead.com/wotlk/item=40244
"Naxxramas N25",Loatheb,"Vest of Vitality",epic,40249,https://wowhead.com/wotlk/item=40249
"Naxxramas N25",Razuvious,"Bands of Mutual Respect",epic,40324,https://wowhead.com/wotlk/item=40324
"Naxxramas N25",Razuvious,"Bindings of the Expansive Mind",epic,40325,https://wowhead.com/wotlk/item=40325
"Naxxramas N25",Razuvious,"Boots of Forlorn Wishes",epic,40326,https://wowhead.com/wotlk/item=40326
"Naxxramas N25",Razuvious,"Bracers of the Unholy Knight",epic,40306,https://wowhead.com/wotlk/item=40306
"Naxxramas N25",Razuvious,"Chains of Adoration",epic,40071,https://wowhead.com/wotlk/item=40071
"Naxxramas N25",Razuvious,"Chestpiece of Suspicion",epic,40319,https://wowhead.com/wotlk/item=40319
"Naxxramas N25",Razuvious,"Esteemed Bindings",epic,40323,https://wowhead.com/wotlk/item=40323
"Naxxramas N25",Razuvious,"Faithful Steel Sabatons",epic,40320,https://wowhead.com/wotlk/item=40320
"Naxxramas N25",Razuvious,"Fool's Trial",epic,40065,https://wowhead.com/wotlk/item=40065
"Naxxramas N25",Razuvious,"Gauntlets of Guiding Touch",epic,40316,https://wowhead.com/wotlk/item=40316
"Naxxramas N25",Razuvious,"Girdle of Razuvious",epic,40317,https://wowhead.com/wotlk/item=40317
"Naxxramas N25",Razuvious,"Girdle of Recuperation",epic,40327,https://wowhead.com/wotlk/item=40327
"Naxxramas N25",Razuvious,Heritage,epic,40069,https://wowhead.com/wotlk/item=40069
"Naxxramas N25",Razuvious,"Idol of the Shooting Star",epic,40321,https://wowhead.com/wotlk/item=40321
"Naxxramas N25",Razuvious,"Legplates of Double Strikes",epic,40318,https://wowhead.com/wotlk/item=40318
"Naxxramas N25",Razuvious,"Lost Jewel",epic,40080,https://wowhead.com/wotlk/item=40080
"Naxxramas N25",Razuvious,Ruthlessness,epic,40075,https://wowhead.com/wotlk/item=40075
"Naxxramas N25",Razuvious,"Sand-Worn Band",epic,40107,https://wowhead.com/wotlk/item=40107
"Naxxramas N25",Razuvious,"Seized Beauty",epic,40108,https://wowhead.com/wotlk/item=40108
"Naxxramas N25",Razuvious,"Shoulderpads of Secret Arts",epic,40315,https://wowhead.com/wotlk/item=40315
"Naxxramas N25",Razuvious,"Spaulders of Egotism",epic,40305,https://wowhead.com/wotlk/item=40305
"Naxxramas N25",Razuvious,"Strong-Handed Ring",epic,40074,https://wowhead.com/wotlk/item=40074
"Naxxramas N25",Razuvious,"Thunderstorm Amulet",epic,40064,https://wowhead.com/wotlk/item=40064
"Naxxramas N25",Razuvious,"Totem of Dueling",epic,40322,https://wowhead.com/wotlk/item=40322
"Naxxramas N25",Gothik,"Abetment Bracers",epic,40332,https://wowhead.com/wotlk/item=40332
"Naxxramas N25",Gothik,"Aged Winter Cloak",epic,40250,https://wowhead.com/wotlk/item=40250
"Naxxramas N25",Gothik,"Bindings of Yearning",epic,40338,https://wowhead.com/wotlk/item=40338
"Naxxramas N25",Gothik,"Bracers of Unrelenting Attack",epic,40330,https://wowhead.com/wotlk/item=40330
"Naxxramas N25",Gothik,"Burdened Shoulderplates",epic,40334,https://wowhead.com/wotlk/item=40334
"Naxxramas N25",Gothik,"Cloak of Averted Crisis",epic,40254,https://wowhead.com/wotlk/item=40254
"Naxxramas N25",Gothik,"Cloak of the Shadowed Sun",epic,40252,https://wowhead.com/wotlk/item=40252
"Naxxramas N25",Gothik,"Defender's Code",epic,40257,https://wowhead.com/wotlk/item=40257
"Naxxramas N25",Gothik,"Dying Curse",epic,40255,https://wowhead.com/wotlk/item=40255
"Naxxramas N25",Gothik,"Forethought Talisman",epic,40258,https://wowhead.com/wotlk/item=40258
"Naxxramas N25",Gothik,"Gothik's Cowl",epic,40339,https://wowhead.com/wotlk/item=40339
"Naxxramas N25",Gothik,"Grim Toll",epic,40256,https://wowhead.com/wotlk/item=40256
"Naxxramas N25",Gothik,"Helm of Unleashed Energy",epic,40340,https://wowhead.com/wotlk/item=40340
"Naxxramas N25",Gothik,"Helm of Vital Protection",epic,40328,https://wowhead.com/wotlk/item=40328
"Naxxramas N25",Gothik,"Hood of the Exodus",epic,40329,https://wowhead.com/wotlk/item=40329
"Naxxramas N25",Gothik,"Idol of Awakening",epic,40342,https://wowhead.com/wotlk/item=40342
"Naxxramas N25",Gothik,"Leggings of Failed Escape",epic,40331,https://wowhead.com/wotlk/item=40331
"Naxxramas N25",Gothik,"Leggings of Fleeting Moments",epic,40333,https://wowhead.com/wotlk/item=40333
"Naxxramas N25",Gothik,"Libram of Resurgence",epic,40337,https://wowhead.com/wotlk/item=40337
"Naxxramas N25",Gothik,"Life and Death",epic,40336,https://wowhead.com/wotlk/item=40336
"Naxxramas N25",Gothik,"Shackled Cinch",epic,40341,https://wowhead.com/wotlk/item=40341
"Naxxramas N25",Gothik,"Shawl of the Old Maid",epic,40253,https://wowhead.com/wotlk/item=40253
"Naxxramas N25",Gothik,"Shroud of Luminosity",epic,40251,https://wowhead.com/wotlk/item=40251
"Naxxramas N25",Gothik,"Touch of Horror",epic,40335,https://wowhead.com/wotlk/item=40335
"Naxxramas N25",Horsemen,Armageddon,epic,40343,https://wowhead.com/wotlk/item=40343
"Naxxramas N25",Horsemen,"Breastplate of the Lost Conqueror",epic,40625,https://wowhead.com/wotlk/item=40625
"Naxxramas N25",Horsemen,"Breastplate of the Lost Protector",epic,40626,https://wowhead.com/wotlk/item=40626
"Naxxramas N25",Horsemen,"Breastplate of the Lost Vanquisher",epic,40627,https://wowhead.com/wotlk/item=40627
"Naxxramas N25",Horsemen,"Broken Promise",epic,40345,https://wowhead.com/wotlk/item=40345
"Naxxramas N25",Horsemen,Damnation,epic,40348,https://wowhead.com/wotlk/item=40348
"Naxxramas N25",Horsemen,"Final Voyage",epic,40346,https://wowhead.com/wotlk/item=40346
"Naxxramas N25",Horsemen,"Gloves of Peaceful Death",epic,40349,https://wowhead.com/wotlk/item=40349
"Naxxramas N25",Horsemen,"Helm of the Grave",epic,40344,https://wowhead.com/wotlk/item=40344
"Naxxramas N25",Horsemen,"Leggings of Voracious Shadows",epic,40352,https://wowhead.com/wotlk/item=40352
"Naxxramas N25",Horsemen,"Mantle of the Corrupted",epic,40286,https://wowhead.com/wotlk/item=40286
"Naxxramas N25",Horsemen,"Urn of Lost Memories",epic,40350,https://wowhead.com/wotlk/item=40350
"Naxxramas N25",Horsemen,"Zeliek's Gauntlets",epic,40347,https://wowhead.com/wotlk/item=40347
"Naxxramas N25",Patchwerk,Arrowsong,epic,40265,https://wowhead.com/wotlk/item=40265
"Naxxramas N25",Patchwerk,"Belt of the Tortured",epic,40260,https://wowhead.com/wotlk/item=40260
"Naxxramas N25",Patchwerk,"Boots of Persuasion",epic,40269,https://wowhead.com/wotlk/item=40269
"Naxxramas N25",Patchwerk,"Boots of Septic Wounds",epic,40270,https://wowhead.com/wotlk/item=40270
"Naxxramas N25",Patchwerk,"Chains of Adoration",epic,40071,https://wowhead.com/wotlk/item=40071
"Naxxramas N25",Patchwerk,"Crude Discolored Battlegrips",epic,40261,https://wowhead.com/wotlk/item=40261
"Naxxramas N25",Patchwerk,"Fleshless Girdle",epic,40263,https://wowhead.com/wotlk/item=40263
"Naxxramas N25",Patchwerk,"Fool's Trial",epic,40065,https://wowhead.com/wotlk/item=40065
"Naxxramas N25",Patchwerk,"Girdle of the Gambit",epic,40272,https://wowhead.com/wotlk/item=40272
"Naxxramas N25",Patchwerk,"Gloves of Calculated Risk",epic,40262,https://wowhead.com/wotlk/item=40262
"Naxxramas N25",Patchwerk,Heritage,epic,40069,https://wowhead.com/wotlk/item=40069
"Naxxramas N25",Patchwerk,"Hero's Surrender",epic,40266,https://wowhead.com/wotlk/item=40266
"Naxxramas N25",Patchwerk,"Libram of Tolerance",epic,40268,https://wowhead.com/wotlk/item=40268
"Naxxramas N25",Patchwerk,"Lost Jewel",epic,40080,https://wowhead.com/wotlk/item=40080
"Naxxramas N25",Patchwerk,Ruthlessness,epic,40075,https://wowhead.com/wotlk/item=40075
"Naxxramas N25",Patchwerk,"Sand-Worn Band",epic,40107,https://wowhead.com/wotlk/item=40107
"Naxxramas N25",Patchwerk,"Sash of Solitude",epic,40271,https://wowhead.com/wotlk/item=40271
"Naxxramas N25",Patchwerk,"Seized Beauty",epic,40108,https://wowhead.com/wotlk/item=40108
"Naxxramas N25",Patchwerk,"Split Greathammer",epic,40264,https://wowhead.com/wotlk/item=40264
"Naxxramas N25",Patchwerk,"Strong-Handed Ring",epic,40074,https://wowhead.com/wotlk/item=40074
"Naxxramas N25",Patchwerk,"Surplus Limb",epic,40273,https://wowhead.com/wotlk/item=40273
"Naxxramas N25",Patchwerk,"Thunderstorm Amulet",epic,40064,https://wowhead.com/wotlk/item=40064
"Naxxramas N25",Patchwerk,"Totem of Hex",epic,40267,https://wowhead.com/wotlk/item=40267
"Naxxramas N25",Patchwerk,"Waistguard of Divine Grace",epic,40259,https://wowhead.com/wotlk/item=40259
"Naxxramas N25",Grobbulus,"Aged Winter Cloak",epic,40250,https://wowhead.com/wotlk/item=40250
"Naxxramas N25",Grobbulus,"Bracers of Liberation",epic,40274,https://wowhead.com/wotlk/item=40274
"Naxxramas N25",Grobbulus,"Chestguard of the Exhausted",epic,40279,https://wowhead.com/wotlk/item=40279
"Naxxramas N25",Grobbulus,"Cloak of Averted Crisis",epic,40254,https://wowhead.com/wotlk/item=40254
"Naxxramas N25",Grobbulus,"Cloak of the Shadowed Sun",epic,40252,https://wowhead.com/wotlk/item=40252
"Naxxramas N25",Grobbulus,"Cowl of Vanity",epic,40287,https://wowhead.com/wotlk/item=40287
"Naxxramas N25",Grobbulus,"Defender's Code",epic,40257,https://wowhead.com/wotlk/item=40257
"Naxxramas N25",Grobbulus,"Depraved Linked Belt",epic,40275,https://wowhead.com/wotlk/item=40275
"Naxxramas N25",Grobbulus,"Desecrated Past",epic,40285,https://wowhead.com/wotlk/item=40285
"Naxxramas N25",Grobbulus,"Dying Curse",epic,40255,https://wowhead.com/wotlk/item=40255
"Naxxramas N25",Grobbulus,"Fallout Impervious Tunic",epic,40283,https://wowhead.com/wotlk/item=40283
"Naxxramas N25",Grobbulus,"Forethought Talisman",epic,40258,https://wowhead.com/wotlk/item=40258
"Naxxramas N25",Grobbulus,"Girdle of Chivalry",epic,40278,https://wowhead.com/wotlk/item=40278
"Naxxramas N25",Grobbulus,"Grim Toll",epic,40256,https://wowhead.com/wotlk/item=40256
"Naxxramas N25",Grobbulus,"Mantle of the Fatigued Sage",epic,40351,https://wowhead.com/wotlk/item=40351
"Naxxramas N25",Grobbulus,"Origin of Nightmares",epic,40280,https://wowhead.com/wotlk/item=40280
"Naxxramas N25",Grobbulus,"Plague Igniter",epic,40284,https://wowhead.com/wotlk/item=40284
"Naxxramas N25",Grobbulus,"Shawl of the Old Maid",epic,40253,https://wowhead.com/wotlk/item=40253
"Naxxramas N25",Grobbulus,"Shroud of Luminosity",epic,40251,https://wowhead.com/wotlk/item=40251
"Naxxramas N25",Grobbulus,"Slime Stream Bands",epic,40282,https://wowhead.com/wotlk/item=40282
"Naxxramas N25",Grobbulus,"Spaulders of Incoherence",epic,40288,https://wowhead.com/wotlk/item=40288
"Naxxramas N25",Grobbulus,"Sympathetic Amice",epic,40289,https://wowhead.com/wotlk/item=40289
"Naxxramas N25",Grobbulus,"Tunic of Indulgence",epic,40277,https://wowhead.com/wotlk/item=40277
"Naxxramas N25",Grobbulus,"Twilight Mist",epic,40281,https://wowhead.com/wotlk/item=40281
"Naxxramas N25",Gluth,"Ablative Chitin Girdle",epic,39759,https://wowhead.com/wotlk/item=39759
"Naxxramas N25",Gluth,"Angry Dread",epic,40189,https://wowhead.com/wotlk/item=40189
"Naxxramas N25",Gluth,Arrowsong,epic,40265,https://wowhead.com/wotlk/item=40265
"Naxxramas N25",Gluth,"Atonement Greaves",epic,39734,https://wowhead.com/wotlk/item=39734
"Naxxramas N25",Gluth,"Bands of Impurity",epic,40198,https://wowhead.com/wotlk/item=40198
"Naxxramas N25",Gluth,"Bindings of the Decrepit",epic,40209,https://wowhead.com/wotlk/item=40209
"Naxxramas N25",Gluth,"Bindings of the Hapless Prey",epic,39764,https://wowhead.com/wotlk/item=39764
"Naxxramas N25",Gluth,"Boots of Persuasion",epic,40269,https://wowhead.com/wotlk/item=40269
"Naxxramas N25",Gluth,"Bracers of Unrelenting Attack",epic,40330,https://wowhead.com/wotlk/item=40330
"Naxxramas N25",Gluth,"Breastplate of the Lost Conqueror",epic,40625,https://wowhead.com/wotlk/item=40625
"Naxxramas N25",Gluth,"Breastplate of the Lost Protector",epic,40626,https://wowhead.com/wotlk/item=40626
"Naxxramas N25",Gluth,"Breastplate of the Lost Vanquisher",epic,40627,https://wowhead.com/wotlk/item=40627
"Naxxramas N25",Gluth,"Broken Promise",epic,40345,https://wowhead.com/wotlk/item=40345
"Naxxramas N25",Gluth,"Callous-Hearted Gauntlets",epic,39726,https://wowhead.com/wotlk/item=39726
"Naxxramas N25",Gluth,"Chestguard of Bitter Charms",epic,40210,https://wowhead.com/wotlk/item=40210
"Naxxramas N25",Gluth,"Cincture of Polarity",epic,40301,https://wowhead.com/wotlk/item=40301
"Naxxramas N25",Gluth,"Cowl of Innocent Delight",epic,40247,https://wowhead.com/wotlk/item=40247
"Naxxramas N25",Gluth,"Crude Discolored Battlegrips",epic,40261,https://wowhead.com/wotlk/item=40261
"Naxxramas N25",Gluth,"Cryptfiend's Bite",epic,40208,https://wowhead.com/wotlk/item=40208
"Naxxramas N25",Gluth,"Epaulets of the Grieving Servant",epic,39725,https://wowhead.com/wotlk/item=39725
"Naxxramas N25",Gluth,"Faerlina's Madness",epic,39732,https://wowhead.com/wotlk/item=39732
"Naxxramas N25",Gluth,"Faithful Steel Sabatons",epic,40320,https://wowhead.com/wotlk/item=40320
"Naxxramas N25",Gluth,"Final Voyage",epic,40346,https://wowhead.com/wotlk/item=40346
"Naxxramas N25",Gluth,"Fleshless Girdle",epic,40263,https://wowhead.com/wotlk/item=40263
"Naxxramas N25",Gluth,"Gauntlets of Guiding Touch",epic,40316,https://wowhead.com/wotlk/item=40316
"Naxxramas N25",Gluth,"Girdle of Recuperation",epic,40327,https://wowhead.com/wotlk/item=40327
"Naxxramas N25",Gluth,"Girdle of the Gambit",epic,40272,https://wowhead.com/wotlk/item=40272
"Naxxramas N25",Gluth,"Girdle of Unity",epic,40241,https://wowhead.com/wotlk/item=40241
"Naxxramas N25",Gluth,"Gloves of the Dancing Bear",epic,40238,https://wowhead.com/wotlk/item=40238
"Naxxramas N25",Gluth,"Gothik's Cowl",epic,40339,https://wowhead.com/wotlk/item=40339
"Naxxramas N25",Gluth,"Heigan's Putrid Vestments",epic,40234,https://wowhead.com/wotlk/item=40234
"Naxxramas N25",Gluth,"Helm of Pilgrimage",epic,40235,https://wowhead.com/wotlk/item=40235
"Naxxramas N25",Gluth,"Helm of the Grave",epic,40344,https://wowhead.com/wotlk/item=40344
"Naxxramas N25",Gluth,"Helm of Vital Protection",epic,40328,https://wowhead.com/wotlk/item=40328
"Naxxramas N25",Gluth,"Idol of Awakening",epic,40342,https://wowhead.com/wotlk/item=40342
"Naxxramas N25",Gluth,"Idol of the Shooting Star",epic,40321,https://wowhead.com/wotlk/item=40321
"Naxxramas N25",Gluth,"Idol of Worship",epic,39757,https://wowhead.com/wotlk/item=39757
"Naxxramas N25",Gluth,"Inexorable Sabatons",epic,39717,https://wowhead.com/wotlk/item=39717
"Naxxramas N25",Gluth,"Leggings of Colossal Strides",epic,40201,https://wowhead.com/wotlk/item=40201
"Naxxramas N25",Gluth,"Leggings of Voracious Shadows",epic,40352,https://wowhead.com/wotlk/item=40352
"Naxxramas N25",Gluth,"Legplates of the Lost Conqueror",epic,40634,https://wowhead.com/wotlk/item=40634
"Naxxramas N25",Gluth,"Legplates of the Lost Protector",epic,40635,https://wowhead.com/wotlk/item=40635
"Naxxramas N25",Gluth,"Legplates of the Lost Vanquisher",epic,40636,https://wowhead.com/wotlk/item=40636
"Naxxramas N25",Gluth,"Libram of Radiance",epic,40191,https://wowhead.com/wotlk/item=40191
"Naxxramas N25",Gluth,"Libram of Resurgence",epic,40337,https://wowhead.com/wotlk/item=40337
"Naxxramas N25",Gluth,"Mantle of the Locusts",epic,39719,https://wowhead.com/wotlk/item=39719
"Naxxramas N25",Gluth,"Mantle of the Lost Conqueror",epic,40637,https://wowhead.com/wotlk/item=40637
"Naxxramas N25",Gluth,"Mantle of the Lost Protector",epic,40638,https://wowhead.com/wotlk/item=40638
"Naxxramas N25",Gluth,"Mantle of the Lost Vanquisher",epic,40639,https://wowhead.com/wotlk/item=40639
"Naxxramas N25",Gluth,"Matriarch's Spawn",epic,39766,https://wowhead.com/wotlk/item=39766
"Naxxramas N25",Gluth,"Poignant Sabatons",epic,40187,https://wowhead.com/wotlk/item=40187
"Naxxramas N25",Gluth,"Punctilious Bindings",epic,39731,https://wowhead.com/wotlk/item=39731
"Naxxramas N25",Gluth,"Quivering Tunic",epic,40061,https://wowhead.com/wotlk/item=40061
"Naxxramas N25",Gluth,"Riveted Abomination Leggings",epic,40294,https://wowhead.com/wotlk/item=40294
"Naxxramas N25",Gluth,"Sash of Solitude",epic,40271,https://wowhead.com/wotlk/item=40271
"Naxxramas N25",Gluth,"Sash of the Parlor",epic,39721,https://wowhead.com/wotlk/item=39721
"Naxxramas N25",Gluth,"Spaulders of Incoherence",epic,40288,https://wowhead.com/wotlk/item=40288
"Naxxramas N25",Gluth,"Split Greathammer",epic,40264,https://wowhead.com/wotlk/item=40264
"Naxxramas N25",Gluth,"The Jawbone",epic,39758,https://wowhead.com/wotlk/item=39758
"Naxxramas N25",Gluth,"The Undeath Carrier",epic,40233,https://wowhead.com/wotlk/item=40233
"Naxxramas N25",Gluth,"Torn Web Wrapping",epic,39762,https://wowhead.com/wotlk/item=39762
"Naxxramas N25",Gluth,"Touch of Horror",epic,40335,https://wowhead.com/wotlk/item=40335
"Naxxramas N25",Gluth,"Urn of Lost Memories",epic,40350,https://wowhead.com/wotlk/item=40350
"Naxxramas N25",Gluth,"Vest of Vitality",epic,40249,https://wowhead.com/wotlk/item=40249
"Naxxramas N25",Thaddius,"Benefactor's Gauntlets",epic,40302,https://wowhead.com/wotlk/item=40302
"Naxxramas N25",Thaddius,"Cincture of Polarity",epic,40301,https://wowhead.com/wotlk/item=40301
"Naxxramas N25",Thaddius,"Cover of Silence",epic,40296,https://wowhead.com/wotlk/item=40296
"Naxxramas N25",Thaddius,"Faceguard of the Succumbed",epic,40298,https://wowhead.com/wotlk/item=40298
"Naxxramas N25",Thaddius,"Headpiece of Fungal Bloom",epic,40304,https://wowhead.com/wotlk/item=40304
"Naxxramas N25",Thaddius,"Legplates of the Lost Conqueror",epic,40634,https://wowhead.com/wotlk/item=40634
"Naxxramas N25",Thaddius,"Legplates of the Lost Protector",epic,40635,https://wowhead.com/wotlk/item=40635
"Naxxramas N25",Thaddius,"Legplates of the Lost Vanquisher",epic,40636,https://wowhead.com/wotlk/item=40636
"Naxxramas N25",Thaddius,"Pauldrons of the Abandoned",epic,40299,https://wowhead.com/wotlk/item=40299
"Naxxramas N25",Thaddius,"Riveted Abomination Leggings",epic,40294,https://wowhead.com/wotlk/item=40294
"Naxxramas N25",Thaddius,"Sabatons of Endurance",epic,40297,https://wowhead.com/wotlk/item=40297
"Naxxramas N25",Thaddius,"Spire of Sunset",epic,40300,https://wowhead.com/wotlk/item=40300
"Naxxramas N25",Thaddius,"Wraps of the Persecuted",epic,40303,https://wowhead.com/wotlk/item=40303
"Naxxramas N25",Sapphiron,"Bandit's Insignia",epic,40371,https://wowhead.com/wotlk/item=40371
"Naxxramas N25",Sapphiron,"Bone-Inlaid Legguards",epic,40363,https://wowhead.com/wotlk/item=40363
"Naxxramas N25",Sapphiron,"Boots of the Great Construct",epic,40367,https://wowhead.com/wotlk/item=40367
"Naxxramas N25",Sapphiron,"Breastplate of Frozen Pain",epic,40365,https://wowhead.com/wotlk/item=40365
"Naxxramas N25",Sapphiron,"Ceaseless Pity",epic,40378,https://wowhead.com/wotlk/item=40378
"Naxxramas N25",Sapphiron,"Cosmic Lights",epic,40374,https://wowhead.com/wotlk/item=40374
"Naxxramas N25",Sapphiron,"Extract of Necromantic Power",epic,40373,https://wowhead.com/wotlk/item=40373
"Naxxramas N25",Sapphiron,Gatekeeper,epic,40370,https://wowhead.com/wotlk/item=40370
"Naxxramas N25",Sapphiron,"Gloves of Fast Reactions",epic,40362,https://wowhead.com/wotlk/item=40362
"Naxxramas N25",Sapphiron,"Gloves of Grandeur",epic,40380,https://wowhead.com/wotlk/item=40380
"Naxxramas N25",Sapphiron,"Heroic Key to the Focusing Iris",epic,44577,https://wowhead.com/wotlk/item=44577
"Naxxramas N25",Sapphiron,"Icy Blast Amulet",epic,40369,https://wowhead.com/wotlk/item=40369
"Naxxramas N25",Sapphiron,"Legguards of the Boneyard",epic,40379,https://wowhead.com/wotlk/item=40379
"Naxxramas N25",Sapphiron,"Legwraps of the Defeated Dragon",epic,40376,https://wowhead.com/wotlk/item=40376
"Naxxramas N25",Sapphiron,Murder,epic,40368,https://wowhead.com/wotlk/item=40368
"Naxxramas N25",Sapphiron,"Noble Birthright Pauldrons",epic,40377,https://wowhead.com/wotlk/item=40377
"Naxxramas N25",Sapphiron,"Platehelm of the Great Wyrm",epic,40366,https://wowhead.com/wotlk/item=40366
"Naxxramas N25",Sapphiron,"Ring of Decaying Beauty",epic,40375,https://wowhead.com/wotlk/item=40375
"Naxxramas N25",Sapphiron,"Rune of Repulsion",epic,40372,https://wowhead.com/wotlk/item=40372
"Naxxramas N25",Sapphiron,"Soul of the Dead",epic,40382,https://wowhead.com/wotlk/item=40382
"Naxxramas N25",Sapphiron,Sympathy,epic,40381,https://wowhead.com/wotlk/item=40381
"Naxxramas N25","Kel'Thuzad ","Betrayer of Humanity",epic,40384,https://wowhead.com/wotlk/item=40384
"Naxxramas N25","Kel'Thuzad ","Boundless Ambition",epic,40387,https://wowhead.com/wotlk/item=40387
"Naxxramas N25","Kel'Thuzad ","Calamity's Grasp",epic,40383,https://wowhead.com/wotlk/item=40383
"Naxxramas N25","Kel'Thuzad ","Cape of the Unworthy Wizard",epic,40405,https://wowhead.com/wotlk/item=40405
"Naxxramas N25","Kel'Thuzad ","Crown of the Lost Conqueror",epic,40631,https://wowhead.com/wotlk/item=40631
"Naxxramas N25","Kel'Thuzad ","Crown of the Lost Protector",epic,40632,https://wowhead.com/wotlk/item=40632
"Naxxramas N25","Kel'Thuzad ","Crown of the Lost Vanquisher",epic,40633,https://wowhead.com/wotlk/item=40633
"Naxxramas N25","Kel'Thuzad ","Drape of the Deadly Foe",epic,40403,https://wowhead.com/wotlk/item=40403
"Naxxramas N25","Kel'Thuzad ","Envoy of Mortality",epic,40385,https://wowhead.com/wotlk/item=40385
"Naxxramas N25","Kel'Thuzad ","Journey's End",epic,40388,https://wowhead.com/wotlk/item=40388
"Naxxramas N25","Kel'Thuzad ","Last Laugh",epic,40402,https://wowhead.com/wotlk/item=40402
"Naxxramas N25","Kel'Thuzad ","Leggings of Mortal Arrogance",epic,40398,https://wowhead.com/wotlk/item=40398
"Naxxramas N25","Kel'Thuzad ","Signet of Manifested Pain",epic,40399,https://wowhead.com/wotlk/item=40399
"Naxxramas N25","Kel'Thuzad ","Sinister Revenge",epic,40386,https://wowhead.com/wotlk/item=40386
"Naxxramas N25","Kel'Thuzad ","The Turning Tide",epic,40396,https://wowhead.com/wotlk/item=40396
"Naxxramas N25","Kel'Thuzad ","Torch of Holy Fire",epic,40395,https://wowhead.com/wotlk/item=40395
"Naxxramas N25","Kel'Thuzad ","Voice of Reason",epic,40401,https://wowhead.com/wotlk/item=40401
"Naxxramas N25","Kel'Thuzad ","Wall of Terror",epic,40400,https://wowhead.com/wotlk/item=40400
"Naxxramas N10",Trash,"Chain of Latent Energies",epic,39472,https://wowhead.com/wotlk/item=39472
"Naxxramas N10",Trash,Contortion,epic,39473,https://wowhead.com/wotlk/item=39473
"Naxxramas N10",Trash,"Medallion of the Disgraced",epic,39470,https://wowhead.com/wotlk/item=39470
"Naxxramas N10",Trash,"Minion Bracers",epic,39467,https://wowhead.com/wotlk/item=39467
"Naxxramas N10",Trash,"Omen of Ruin",epic,39427,https://wowhead.com/wotlk/item=39427
"Naxxramas N10",Trash,"The Stray",epic,39468,https://wowhead.com/wotlk/item=39468
"Naxxramas N10",Anub'Rekhan,"Agonal Sash",epic,39190,https://wowhead.com/wotlk/item=39190
"Naxxramas N10",Anub'Rekhan,"Band of Neglected Pleas",epic,39193,https://wowhead.com/wotlk/item=39193
"Naxxramas N10",Anub'Rekhan,"Boots of Persistence",epic,39189,https://wowhead.com/wotlk/item=39189
"Naxxramas N10",Anub'Rekhan,"Chivalric Chestguard",epic,39188,https://wowhead.com/wotlk/item=39188
"Naxxramas N10",Anub'Rekhan,"Collar of Dissolution",epic,39146,https://wowhead.com/wotlk/item=39146
"Naxxramas N10",Anub'Rekhan,"Deflection Band",epic,39141,https://wowhead.com/wotlk/item=39141
"Naxxramas N10",Anub'Rekhan,"Gloves of Dark Gestures",epic,39192,https://wowhead.com/wotlk/item=39192
"Naxxramas N10",Anub'Rekhan,"Knife of Incision",epic,39140,https://wowhead.com/wotlk/item=39140
"Naxxramas N10",Anub'Rekhan,"Ravaging Sabatons",epic,39139,https://wowhead.com/wotlk/item=39139
"Naxxramas N10",Anub'Rekhan,"Splint-Bound Leggings",epic,39191,https://wowhead.com/wotlk/item=39191
"Naxxramas N10",Faerlina,"Avenging Combat Leggings",epic,39217,https://wowhead.com/wotlk/item=39217
"Naxxramas N10",Faerlina,"Boots of the Follower",epic,39215,https://wowhead.com/wotlk/item=39215
"Naxxramas N10",Faerlina,"Boots of the Worshiper",epic,39196,https://wowhead.com/wotlk/item=39196
"Naxxramas N10",Faerlina,"Bracers of Lost Sentiments",epic,39195,https://wowhead.com/wotlk/item=39195
"Naxxramas N10",Faerlina,"Frostblight Pauldrons",epic,39198,https://wowhead.com/wotlk/item=39198
"Naxxramas N10",Faerlina,"Gauntlets of the Master",epic,39197,https://wowhead.com/wotlk/item=39197
"Naxxramas N10",Faerlina,"Grieving Spellblade",epic,39200,https://wowhead.com/wotlk/item=39200
"Naxxramas N10",Faerlina,"Rusted-Link Spiked Gauntlets",epic,39194,https://wowhead.com/wotlk/item=39194
"Naxxramas N10",Faerlina,"Sash of Mortal Desire",epic,39216,https://wowhead.com/wotlk/item=39216
"Naxxramas N10",Faerlina,"Watchful Eye",epic,39199,https://wowhead.com/wotlk/item=39199
"Naxxramas N10",Maexxna,"Aegis of Damnation",epic,39233,https://wowhead.com/wotlk/item=39233
"Naxxramas N10",Maexxna,"Cloak of Armed Strife",epic,39225,https://wowhead.com/wotlk/item=39225
"Naxxramas N10",Maexxna,"Embrace of the Spider",epic,39229,https://wowhead.com/wotlk/item=39229
"Naxxramas N10",Maexxna,"Leggings of Discord",epic,39224,https://wowhead.com/wotlk/item=39224
"Naxxramas N10",Maexxna,"Maexxna's Femur",epic,39226,https://wowhead.com/wotlk/item=39226
"Naxxramas N10",Maexxna,"Pendant of Lost Vocations",epic,39232,https://wowhead.com/wotlk/item=39232
"Naxxramas N10",Maexxna,"Spaulders of the Monstrosity",epic,39230,https://wowhead.com/wotlk/item=39230
"Naxxramas N10",Maexxna,"Timeworn Silken Band",epic,39231,https://wowhead.com/wotlk/item=39231
"Naxxramas N10",Maexxna,"Web Cocoon Grips",epic,39228,https://wowhead.com/wotlk/item=39228
"Naxxramas N10",Maexxna,"Wraith Spear",epic,39221,https://wowhead.com/wotlk/item=39221
"Naxxramas N10",Noth,"Bone-Framed Bracers",epic,39235,https://wowhead.com/wotlk/item=39235
"Naxxramas N10",Noth,"Chestplate of the Risen Soldier",epic,39239,https://wowhead.com/wotlk/item=39239
"Naxxramas N10",Noth,"Dark Shroud of the Scourge",epic,39241,https://wowhead.com/wotlk/item=39241
"Naxxramas N10",Noth,"Handgrips of the Foredoomed",epic,39243,https://wowhead.com/wotlk/item=39243
"Naxxramas N10",Noth,"Noth's Curse",epic,39240,https://wowhead.com/wotlk/item=39240
"Naxxramas N10",Noth,"Plague-Impervious Boots",epic,39234,https://wowhead.com/wotlk/item=39234
"Naxxramas N10",Noth,"Ring of the Fated",epic,39244,https://wowhead.com/wotlk/item=39244
"Naxxramas N10",Noth,"Robes of Hoarse Breaths",epic,39242,https://wowhead.com/wotlk/item=39242
"Naxxramas N10",Noth,"Spaulders of Resumed Battle",epic,39237,https://wowhead.com/wotlk/item=39237
"Naxxramas N10",Noth,"Trespasser's Boots",epic,39236,https://wowhead.com/wotlk/item=39236
"Naxxramas N10",Heigan,"Amulet of Autopsy",epic,39246,https://wowhead.com/wotlk/item=39246
"Naxxramas N10",Heigan,"Cuffs of Dark Shadows",epic,39247,https://wowhead.com/wotlk/item=39247
"Naxxramas N10",Heigan,Demise,epic,39245,https://wowhead.com/wotlk/item=39245
"Naxxramas N10",Heigan,"Necrogenic Belt",epic,39251,https://wowhead.com/wotlk/item=39251
"Naxxramas N10",Heigan,"Preceptor's Bindings",epic,39252,https://wowhead.com/wotlk/item=39252
"Naxxramas N10",Heigan,"Ring of Holy Cleansing",epic,39250,https://wowhead.com/wotlk/item=39250
"Naxxramas N10",Heigan,"Saltarello Shoes",epic,39254,https://wowhead.com/wotlk/item=39254
"Naxxramas N10",Heigan,"Shoulderplates of Bloodshed",epic,39249,https://wowhead.com/wotlk/item=39249
"Naxxramas N10",Heigan,"Staff of the Plague Beast",epic,39255,https://wowhead.com/wotlk/item=39255
"Naxxramas N10",Heigan,"Tunic of the Lost Pack",epic,39248,https://wowhead.com/wotlk/item=39248
"Naxxramas N10",Loatheb,"Fungi-Stained Coverings",epic,39259,https://wowhead.com/wotlk/item=39259
"Naxxramas N10",Loatheb,"Helm of the Corrupted Mind",epic,39260,https://wowhead.com/wotlk/item=39260
"Naxxramas N10",Loatheb,"Legplates of Inescapable Death",epic,39258,https://wowhead.com/wotlk/item=39258
"Naxxramas N10",Loatheb,"Loatheb's Shadow",epic,39257,https://wowhead.com/wotlk/item=39257
"Naxxramas N10",Loatheb,"Spaulders of the Lost Conqueror",epic,40622,https://wowhead.com/wotlk/item=40622
"Naxxramas N10",Loatheb,"Spaulders of the Lost Protector",epic,40623,https://wowhead.com/wotlk/item=40623
"Naxxramas N10",Loatheb,"Spaulders of the Lost Vanquisher",epic,40624,https://wowhead.com/wotlk/item=40624
"Naxxramas N10",Loatheb,"Sulfur Stave",epic,39256,https://wowhead.com/wotlk/item=39256
"Naxxramas N10",Razuvious,"Accursed Bow of the Elite",epic,39296,https://wowhead.com/wotlk/item=39296
"Naxxramas N10",Razuvious,"Cloak of Darkening",epic,39297,https://wowhead.com/wotlk/item=39297
"Naxxramas N10",Razuvious,"Girdle of Lenience",epic,39308,https://wowhead.com/wotlk/item=39308
"Naxxramas N10",Razuvious,"Iron Rings of Endurance",epic,39307,https://wowhead.com/wotlk/item=39307
"Naxxramas N10",Razuvious,"Leggings of the Instructor",epic,39309,https://wowhead.com/wotlk/item=39309
"Naxxramas N10",Razuvious,"Mantle of the Extensive Mind",epic,39310,https://wowhead.com/wotlk/item=39310
"Naxxramas N10",Razuvious,"Plated Gloves of Relief",epic,39306,https://wowhead.com/wotlk/item=39306
"Naxxramas N10",Razuvious,"Rapid Attack Gloves",epic,39299,https://wowhead.com/wotlk/item=39299
"Naxxramas N10",Razuvious,"Scepter of Murmuring Spirits",epic,39311,https://wowhead.com/wotlk/item=39311
"Naxxramas N10",Razuvious,"Waistguard of the Tutor",epic,39298,https://wowhead.com/wotlk/item=39298
"Naxxramas N10",Gothik,"Girdle of the Ascended Phantom",epic,39345,https://wowhead.com/wotlk/item=39345
"Naxxramas N10",Gothik,"Heinous Mail Chestguard",epic,39391,https://wowhead.com/wotlk/item=39391
"Naxxramas N10",Gothik,"Resurgent Phantom Bindings",epic,39390,https://wowhead.com/wotlk/item=39390
"Naxxramas N10",Gothik,"Sabatons of Deathlike Gloom",epic,39369,https://wowhead.com/wotlk/item=39369
"Naxxramas N10",Gothik,"Signet of the Malevolent",epic,39389,https://wowhead.com/wotlk/item=39389
"Naxxramas N10",Gothik,"Slayer of the Lifeless",epic,39344,https://wowhead.com/wotlk/item=39344
"Naxxramas N10",Gothik,"Spectral Rider's Girdle",epic,39379,https://wowhead.com/wotlk/item=39379
"Naxxramas N10",Gothik,"Spirit-World Glass",epic,39388,https://wowhead.com/wotlk/item=39388
"Naxxramas N10",Gothik,"Tunic of Dislocation",epic,39386,https://wowhead.com/wotlk/item=39386
"Naxxramas N10",Gothik,"Veiled Amulet of Life",epic,39392,https://wowhead.com/wotlk/item=39392
"Naxxramas N10",Horsemen,"Charmed Cierge",epic,39394,https://wowhead.com/wotlk/item=39394
"Naxxramas N10",Horsemen,"Chestguard of the Lost Conqueror",epic,40610,https://wowhead.com/wotlk/item=40610
"Naxxramas N10",Horsemen,"Chestguard of the Lost Protector",epic,40611,https://wowhead.com/wotlk/item=40611
"Naxxramas N10",Horsemen,"Chestguard of the Lost Vanquisher",epic,40612,https://wowhead.com/wotlk/item=40612
"Naxxramas N10",Horsemen,"Claymore of Ancient Power",epic,39393,https://wowhead.com/wotlk/item=39393
"Naxxramas N10",Horsemen,"Gown of Blaumeux",epic,39396,https://wowhead.com/wotlk/item=39396
"Naxxramas N10",Horsemen,"Pauldrons of Havoc",epic,39397,https://wowhead.com/wotlk/item=39397
"Naxxramas N10",Horsemen,"Thane's Tainted Greathelm",epic,39395,https://wowhead.com/wotlk/item=39395
"Naxxramas N10",Patchwerk,"Abomination Shoulderblades",epic,39267,https://wowhead.com/wotlk/item=39267
"Naxxramas N10",Patchwerk,"Blade of Dormant Memories",epic,39271,https://wowhead.com/wotlk/item=39271
"Naxxramas N10",Patchwerk,"Contagion Gloves",epic,39275,https://wowhead.com/wotlk/item=39275
"Naxxramas N10",Patchwerk,"Drape of Surgery",epic,39272,https://wowhead.com/wotlk/item=39272
"Naxxramas N10",Patchwerk,"Gauntlets of Combined Strength",epic,39262,https://wowhead.com/wotlk/item=39262
"Naxxramas N10",Patchwerk,Hatestrike,epic,39270,https://wowhead.com/wotlk/item=39270
"Naxxramas N10",Patchwerk,"Retcher's Shoulderpads",epic,39274,https://wowhead.com/wotlk/item=39274
"Naxxramas N10",Patchwerk,"Sullen Cloth Boots",epic,39273,https://wowhead.com/wotlk/item=39273
"Naxxramas N10",Patchwerk,"Tainted Girdle of Mending",epic,39261,https://wowhead.com/wotlk/item=39261
"Naxxramas N10",Grobbulus,"Bands of Anxiety",epic,39278,https://wowhead.com/wotlk/item=39278
"Naxxramas N10",Grobbulus,"Blistered Belt of Decay",epic,39279,https://wowhead.com/wotlk/item=39279
"Naxxramas N10",Grobbulus,"Bone-Linked Amulet",epic,39282,https://wowhead.com/wotlk/item=39282
"Naxxramas N10",Grobbulus,"Handgrips of Turmoil",epic,39285,https://wowhead.com/wotlk/item=39285
"Naxxramas N10",Grobbulus,"Infection Repulser",epic,39281,https://wowhead.com/wotlk/item=39281
"Naxxramas N10",Grobbulus,"Leggings of Innumerable Barbs",epic,39280,https://wowhead.com/wotlk/item=39280
"Naxxramas N10",Grobbulus,"Miasma Mantle",epic,39284,https://wowhead.com/wotlk/item=39284
"Naxxramas N10",Grobbulus,"Putrescent Bands",epic,39283,https://wowhead.com/wotlk/item=39283
"Naxxramas N10",Grobbulus,"Sealing Ring of Grobbulus",epic,39277,https://wowhead.com/wotlk/item=39277
"Naxxramas N10",Grobbulus,"The Skull of Ruin",epic,39276,https://wowhead.com/wotlk/item=39276
"Naxxramas N10",Gluth,"Accursed Bow of the Elite",epic,39296,https://wowhead.com/wotlk/item=39296
"Naxxramas N10",Gluth,"Aegis of Damnation",epic,39233,https://wowhead.com/wotlk/item=39233
"Naxxramas N10",Gluth,"Agonal Sash",epic,39190,https://wowhead.com/wotlk/item=39190
"Naxxramas N10",Gluth,"Band of Neglected Pleas",epic,39193,https://wowhead.com/wotlk/item=39193
"Naxxramas N10",Gluth,"Bone-Framed Bracers",epic,39235,https://wowhead.com/wotlk/item=39235
"Naxxramas N10",Gluth,"Bone-Linked Amulet",epic,39282,https://wowhead.com/wotlk/item=39282
"Naxxramas N10",Gluth,"Boots of Persistence",epic,39189,https://wowhead.com/wotlk/item=39189
"Naxxramas N10",Gluth,"Boots of the Follower",epic,39215,https://wowhead.com/wotlk/item=39215
"Naxxramas N10",Gluth,"Charmed Cierge",epic,39394,https://wowhead.com/wotlk/item=39394
"Naxxramas N10",Gluth,"Chestguard of the Lost Conqueror",epic,40610,https://wowhead.com/wotlk/item=40610
"Naxxramas N10",Gluth,"Chestguard of the Lost Protector",epic,40611,https://wowhead.com/wotlk/item=40611
"Naxxramas N10",Gluth,"Chestguard of the Lost Vanquisher",epic,40612,https://wowhead.com/wotlk/item=40612
"Naxxramas N10",Gluth,"Cloak of Armed Strife",epic,39225,https://wowhead.com/wotlk/item=39225
"Naxxramas N10",Gluth,"Cloak of Darkening",epic,39297,https://wowhead.com/wotlk/item=39297
"Naxxramas N10",Gluth,"Cuffs of Dark Shadows",epic,39247,https://wowhead.com/wotlk/item=39247
"Naxxramas N10",Gluth,"Frostblight Pauldrons",epic,39198,https://wowhead.com/wotlk/item=39198
"Naxxramas N10",Gluth,"Girdle of Lenience",epic,39308,https://wowhead.com/wotlk/item=39308
"Naxxramas N10",Gluth,"Girdle of the Ascended Phantom",epic,39345,https://wowhead.com/wotlk/item=39345
"Naxxramas N10",Gluth,"Gown of Blaumeux",epic,39396,https://wowhead.com/wotlk/item=39396
"Naxxramas N10",Gluth,"Grieving Spellblade",epic,39200,https://wowhead.com/wotlk/item=39200
"Naxxramas N10",Gluth,Hatestrike,epic,39270,https://wowhead.com/wotlk/item=39270
"Naxxramas N10",Gluth,"Infection Repulser",epic,39281,https://wowhead.com/wotlk/item=39281
"Naxxramas N10",Gluth,"Knife of Incision",epic,39140,https://wowhead.com/wotlk/item=39140
"Naxxramas N10",Gluth,"Leggings of Innumerable Barbs",epic,39280,https://wowhead.com/wotlk/item=39280
"Naxxramas N10",Gluth,"Leggings of the Instructor",epic,39309,https://wowhead.com/wotlk/item=39309
"Naxxramas N10",Gluth,"Leggings of the Lost Conqueror",epic,40619,https://wowhead.com/wotlk/item=40619
"Naxxramas N10",Gluth,"Leggings of the Lost Protector",epic,40620,https://wowhead.com/wotlk/item=40620
"Naxxramas N10",Gluth,"Leggings of the Lost Vanquisher",epic,40621,https://wowhead.com/wotlk/item=40621
"Naxxramas N10",Gluth,"Legplates of Inescapable Death",epic,39258,https://wowhead.com/wotlk/item=39258
"Naxxramas N10",Gluth,"Necrogenic Belt",epic,39251,https://wowhead.com/wotlk/item=39251
"Naxxramas N10",Gluth,"Noth's Curse",epic,39240,https://wowhead.com/wotlk/item=39240
"Naxxramas N10",Gluth,"Ravaging Sabatons",epic,39139,https://wowhead.com/wotlk/item=39139
"Naxxramas N10",Gluth,"Resurgent Phantom Bindings",epic,39390,https://wowhead.com/wotlk/item=39390
"Naxxramas N10",Gluth,"Retcher's Shoulderpads",epic,39274,https://wowhead.com/wotlk/item=39274
"Naxxramas N10",Gluth,"Robes of Hoarse Breaths",epic,39242,https://wowhead.com/wotlk/item=39242
"Naxxramas N10",Gluth,"Scepter of Murmuring Spirits",epic,39311,https://wowhead.com/wotlk/item=39311
"Naxxramas N10",Gluth,"Shoulderplates of Bloodshed",epic,39249,https://wowhead.com/wotlk/item=39249
"Naxxramas N10",Gluth,"Spaulders of the Lost Conqueror",epic,40622,https://wowhead.com/wotlk/item=40622
"Naxxramas N10",Gluth,"Spaulders of the Lost Protector",epic,40623,https://wowhead.com/wotlk/item=40623
"Naxxramas N10",Gluth,"Spaulders of the Lost Vanquisher",epic,40624,https://wowhead.com/wotlk/item=40624
"Naxxramas N10",Gluth,"Spectral Rider's Girdle",epic,39379,https://wowhead.com/wotlk/item=39379
"Naxxramas N10",Gluth,"Spirit-World Glass",epic,39388,https://wowhead.com/wotlk/item=39388
"Naxxramas N10",Gluth,"Splint-Bound Leggings",epic,39191,https://wowhead.com/wotlk/item=39191
"Naxxramas N10",Gluth,"Sulfur Stave",epic,39256,https://wowhead.com/wotlk/item=39256
"Naxxramas N10",Gluth,"Timeworn Silken Band",epic,39231,https://wowhead.com/wotlk/item=39231
"Naxxramas N10",Gluth,"Tunic of Dislocation",epic,39386,https://wowhead.com/wotlk/item=39386
"Naxxramas N10",Gluth,"Tunic of the Lost Pack",epic,39248,https://wowhead.com/wotlk/item=39248
"Naxxramas N10",Gluth,"Watchful Eye",epic,39199,https://wowhead.com/wotlk/item=39199
"Naxxramas N10",Thaddius,"Arc-Scorched Helmet",epic,39294,https://wowhead.com/wotlk/item=39294
"Naxxramas N10",Thaddius,"Blackened Legplates of Feugen",epic,39293,https://wowhead.com/wotlk/item=39293
"Naxxramas N10",Thaddius,"Cowl of Sheet Lightning",epic,39295,https://wowhead.com/wotlk/item=39295
"Naxxramas N10",Thaddius,"Leggings of the Lost Conqueror",epic,40619,https://wowhead.com/wotlk/item=40619
"Naxxramas N10",Thaddius,"Leggings of the Lost Protector",epic,40620,https://wowhead.com/wotlk/item=40620
"Naxxramas N10",Thaddius,"Leggings of the Lost Vanquisher",epic,40621,https://wowhead.com/wotlk/item=40621
"Naxxramas N10",Thaddius,"Repelling Charge",epic,39292,https://wowhead.com/wotlk/item=39292
"Naxxramas N10",Thaddius,"Torment of the Banished",epic,39291,https://wowhead.com/wotlk/item=39291
"Naxxramas N10",Sapphiron,"Circle of Death",epic,39401,https://wowhead.com/wotlk/item=39401
"Naxxramas N10",Sapphiron,"Circle of Life",epic,39407,https://wowhead.com/wotlk/item=39407
"Naxxramas N10",Sapphiron,"Cloak of Mastery",epic,39404,https://wowhead.com/wotlk/item=39404
"Naxxramas N10",Sapphiron,"Cowl of Winged Fear",epic,39409,https://wowhead.com/wotlk/item=39409
"Naxxramas N10",Sapphiron,"Helm of the Unsubmissive",epic,39403,https://wowhead.com/wotlk/item=39403
"Naxxramas N10",Sapphiron,"Helm of the Vast Legions",epic,39399,https://wowhead.com/wotlk/item=39399
"Naxxramas N10",Sapphiron,"Helmet of the Inner Sanctum",epic,39405,https://wowhead.com/wotlk/item=39405
"Naxxramas N10",Sapphiron,"Key to the Focusing Iris",epic,44569,https://wowhead.com/wotlk/item=44569
"Naxxramas N10",Sapphiron,"Leggings of Sapphiron",epic,39408,https://wowhead.com/wotlk/item=39408
"Naxxramas N10",Sapphiron,"Massive Skeletal Ribcage",epic,39398,https://wowhead.com/wotlk/item=39398
"Naxxramas N10",Sapphiron,"Shroud of the Citadel",epic,39415,https://wowhead.com/wotlk/item=39415
"Naxxramas N10","Kel'Thuzad ",Anarchy,epic,39420,https://wowhead.com/wotlk/item=39420
"Naxxramas N10","Kel'Thuzad ","Cloak of the Dying",epic,39425,https://wowhead.com/wotlk/item=39425
"Naxxramas N10","Kel'Thuzad ","Death's Bite",epic,39417,https://wowhead.com/wotlk/item=39417
"Naxxramas N10","Kel'Thuzad ","Gem of Imprisoned Vassals",epic,39421,https://wowhead.com/wotlk/item=39421
"Naxxramas N10","Kel'Thuzad ","Hammer of the Astral Plane",epic,39423,https://wowhead.com/wotlk/item=39423
"Naxxramas N10","Kel'Thuzad ","Helm of the Lost Conqueror",epic,40616,https://wowhead.com/wotlk/item=40616
"Naxxramas N10","Kel'Thuzad ","Helm of the Lost Protector",epic,40617,https://wowhead.com/wotlk/item=40617
"Naxxramas N10","Kel'Thuzad ","Helm of the Lost Vanquisher",epic,40618,https://wowhead.com/wotlk/item=40618
"Naxxramas N10","Kel'Thuzad ","Kel'Thuzad's Reach",epic,39416,https://wowhead.com/wotlk/item=39416
"Naxxramas N10","Kel'Thuzad ","Nerubian Conquerer",epic,39419,https://wowhead.com/wotlk/item=39419
"Naxxramas N10","Kel'Thuzad ","Staff of the Plaguehound",epic,39422,https://wowhead.com/wotlk/item=39422
"Naxxramas N10","Kel'Thuzad ","The Soulblade",epic,39424,https://wowhead.com/wotlk/item=39424
"Naxxramas N10","Kel'Thuzad ","Wand of the Archlich",epic,39426,https://wowhead.com/wotlk/item=39426